City_ID,City,Cloudiness,Country,Date,Humidity,Lat,Lng,Max Temp,Wind Speed
0,Mahébourg,75,MU,6/17/2021 17:59,94,-20.4081,57.7,70.09,9.22
1,Oranjestad,20,AW,6/17/2021 17:59,62,12.524,-70.027,89.55,21.85
2,Grand Gaube,14,MU,6/17/2021 17:59,84,-20.0064,57.6608,70.38,1.99
3,Hasaki,10,JP,6/17/2021 17:51,80,35.7333,140.8333,62.98,11.34
4,Puerto Ayora,75,EC,6/17/2021 17:51,83,-0.7393,-90.3518,78.55,5.99
5,Shahr-e Bābak,0,IR,6/17/2021 17:59,11,30.1165,55.1186,82.71,16.33
6,Lebu,11,CL,6/17/2021 17:51,66,-37.6167,-73.65,56.53,3.62
7,Torbay,75,CA,6/17/2021 17:59,80,47.6666,-52.7314,68.49,19.57
8,Rikitea,97,PF,6/17/2021 17:59,79,-23.1203,-134.9692,74.25,28.74
9,Baní,48,DO,6/17/2021 17:59,55,18.2833,-70.3333,87.57,16.67
10,Kiunga,100,PG,6/17/2021 17:59,99,-6.1219,141.2906,71.76,2.17
11,Mossamedes,15,AO,6/17/2021 17:56,80,-15.1961,12.1522,67.51,8.59
12,Faanui,91,PF,6/17/2021 17:59,72,-16.4833,-151.75,80.78,23.04
13,Rome,1,US,6/17/2021 17:57,42,34.257,-85.1647,84.45,1.99
14,Guarapari,14,BR,6/17/2021 17:59,68,-20.6667,-40.4975,73.89,9.42
15,Vaini,20,TO,6/17/2021 17:59,94,-21.2,-175.2,68.16,1.14
16,Paka,99,MY,6/17/2021 17:59,88,4.6374,103.4368,76.93,0
17,Liberal,1,US,6/17/2021 17:59,19,37.0431,-100.921,96.3,16.67
18,Nong Han,18,TH,6/17/2021 17:59,82,17.3608,103.1053,81.99,5.32
19,Saint Andrews,1,US,6/17/2021 17:59,38,34.0454,-81.1293,84.56,3
20,Bambous Virieux,75,MU,6/17/2021 17:59,94,-20.3428,57.7575,70.05,9.22
21,Avarua,40,CK,6/17/2021 17:59,88,-21.2078,-159.775,75.25,9.22
22,Ambāla,35,IN,6/17/2021 17:59,63,30.3783,76.7808,83.89,12.37
23,Hilo,90,US,6/17/2021 17:59,93,19.7297,-155.09,71.69,6.91
24,Gorontalo,28,ID,6/17/2021 17:57,96,0.5412,123.0595,73.49,2.33
25,Göksun,0,TR,6/17/2021 17:59,49,38.021,36.4973,61.14,4.65
26,Kisanga,79,TZ,6/17/2021 17:59,59,-7.4362,37.7034,72.55,0.56
27,Rundu,1,NA,6/17/2021 17:59,24,-17.9333,19.7667,62.91,3.62
28,São Gabriel da Cachoeira,40,BR,6/17/2021 17:59,70,-0.1303,-67.0892,84,3.44
29,Karratha,100,AU,6/17/2021 17:59,37,-20.7377,116.8463,66.7,12.26
30,George Town,20,MY,6/17/2021 17:55,88,5.4112,100.3354,77.36,0
31,Hobart,90,AU,6/17/2021 17:59,97,-42.8794,147.3294,52.14,6.91
32,Jablah,0,SY,6/17/2021 17:59,68,35.3614,35.9256,71.89,4.61
33,Xunchang,100,CN,6/17/2021 17:59,92,28.4543,104.715,65.25,1.74
34,Ribeira Grande,75,PT,6/17/2021 17:59,77,38.5167,-28.7,66.6,17.27
35,San Lorenzo,95,PY,6/17/2021 17:59,45,-25.3333,-57.5333,58.19,8.9
36,Atuona,12,PF,6/17/2021 17:59,72,-9.8,-139.0333,79.12,25.03
37,Lorengau,100,PG,6/17/2021 17:59,76,-2.0226,147.2712,79.86,3.42
38,Sur,1,OM,6/17/2021 17:59,60,22.5667,59.5289,89.58,10.78
39,Itarema,39,BR,6/17/2021 17:59,76,-2.9248,-39.9167,82.38,15.21
40,Ipixuna,37,BR,6/17/2021 17:59,87,-1.7625,-48.8043,85.95,3.15
41,Karachi,75,PK,6/17/2021 17:57,66,24.9056,67.0822,87.62,6.91
42,Alta Floresta,40,BR,6/17/2021 17:59,40,-9.8756,-56.0861,93.02,10.36
43,Roebourne,100,AU,6/17/2021 17:59,37,-20.7833,117.1333,67.28,12.3
44,Busselton,5,AU,6/17/2021 17:59,81,-33.65,115.3333,51.48,8.28
45,Mataura,24,NZ,6/17/2021 17:59,97,-46.1927,168.8643,34.48,4.12
46,Mar del Plata,40,AR,6/17/2021 17:58,70,-38.0023,-57.5575,45.59,4
47,Jamestown,37,US,6/17/2021 17:58,38,42.097,-79.2353,71.47,1.01
48,Kapaa,21,US,6/17/2021 17:59,82,22.0752,-159.319,77.11,1.99
49,Majene,90,ID,6/17/2021 17:59,88,-3.5403,118.9707,76.82,5.14
50,Lábrea,93,BR,6/17/2021 17:59,48,-7.2586,-64.7981,90.01,3.94
51,Cape Town,20,ZA,6/17/2021 17:57,91,-33.9258,18.4232,57.27,4.61
52,Ancud,0,CL,6/17/2021 17:59,59,-41.8697,-73.8203,53.22,8.21
53,Diamantino,35,BR,6/17/2021 17:59,30,-14.4086,-56.4461,88.54,6.15
54,Coalinga,66,US,6/17/2021 17:59,30,36.1397,-120.3602,91.04,4.83
55,Nikolskoye,54,RU,6/17/2021 17:59,65,59.7035,30.7861,67.89,2.91
56,Ambilobe,91,MG,6/17/2021 17:59,82,-13.2,49.05,69.93,3.2
57,Lydenburg,0,ZA,6/17/2021 17:59,38,-25.0978,30.4597,50.4,1.77
58,Carnarvon,0,AU,6/17/2021 17:59,47,-24.8667,113.6333,50.07,8.05
59,Severo-Kuril'sk,96,RU,6/17/2021 17:59,92,50.6789,156.125,42.46,9.28
60,Olinda,40,BR,6/17/2021 18:00,69,-8.0089,-34.8553,80.33,10.36
61,Ihosy,0,MG,6/17/2021 18:00,86,-22.4,46.1167,58.05,3.56
62,Chantilly,0,US,6/17/2021 18:00,35,38.8943,-77.4311,75.87,3
63,Chake Chake,100,TZ,6/17/2021 18:00,83,-5.2459,39.7666,74.98,9.89
64,Mbandaka,98,CD,6/17/2021 18:00,82,0.0487,18.2603,74.41,7.36
65,São Félix do Xingu,17,BR,6/17/2021 18:00,37,-6.6447,-51.995,92.16,5.03
66,Port-Gentil,100,GA,6/17/2021 18:00,80,-0.7193,8.7815,78.8,12.24
67,Arraial do Cabo,45,BR,6/17/2021 18:00,76,-22.9661,-42.0278,69.26,10.18
68,Mitzic,93,GA,6/17/2021 18:00,95,0.7821,11.549,68.88,2.51
69,Quechultenango,99,MX,6/17/2021 18:00,62,17.4167,-99.2167,82.9,2.46
70,Ayr,20,GB,6/17/2021 18:00,59,55.4627,-4.6339,60.98,4.61
71,Vila,100,PT,6/17/2021 18:00,89,42.0304,-8.1588,53.65,4.81
72,Paracuru,34,BR,6/17/2021 18:00,70,-3.41,-39.0306,82.11,13.91
73,Broome,1,US,6/17/2021 18:00,41,42.2506,-75.833,70.92,1.99
74,Ca Mau,62,VN,6/17/2021 18:00,86,9.1769,105.15,79.48,4.47
75,Alappuzha,100,IN,6/17/2021 18:00,84,9.49,76.3264,80.73,8.86
76,Kollam,100,IN,6/17/2021 18:00,87,8.8833,76.6,82.27,9.31
77,Saint George,99,US,6/17/2021 17:58,12,37.1041,-113.5841,100.85,1.99
78,Ürümqi,0,CN,6/17/2021 17:56,25,43.801,87.6005,72.55,6.71
79,Hamilton,19,US,6/17/2021 18:00,44,39.1834,-84.5333,83.1,1.99
80,Provideniya,100,RU,6/17/2021 18:00,97,64.3833,-173.3,40.14,4.5
81,Somerset East,0,ZA,6/17/2021 18:00,57,-32.7217,25.588,53.53,1.72
82,Santiago,1,CL,6/17/2021 17:58,50,-33.4569,-70.6483,58.89,0
83,Nemuro,70,JP,6/17/2021 18:00,87,43.3236,145.575,46.51,4.81
84,Alice Springs,99,AU,6/17/2021 17:56,65,-23.7,133.8833,44.15,4.61
85,Dangtu,100,CN,6/17/2021 18:00,89,31.5723,118.4928,76.21,5.53
86,Statesboro,0,US,6/17/2021 18:00,31,32.4488,-81.7832,87.49,5.48
87,Leh,28,IN,6/17/2021 17:55,33,34.1667,77.5833,53.33,5.61
88,Yinchuan,72,CN,6/17/2021 18:00,27,38.4681,106.2731,70.92,1.5
89,Umm Kaddadah,94,SD,6/17/2021 18:00,33,13.6017,26.6876,89.44,1.5
90,Carutapera,22,BR,6/17/2021 18:00,77,-1.195,-46.02,82.87,5.88
91,Hervey Bay,38,AU,6/17/2021 18:00,59,-25.2986,152.8535,57.02,3
92,Harper,35,LR,6/17/2021 18:00,73,4.375,-7.7169,80.67,7.9
93,Tadine,24,NC,6/17/2021 18:00,87,-21.55,167.8833,70.95,6.78
94,Ponta do Sol,97,PT,6/17/2021 18:00,69,32.6667,-17.1,74.39,6.89
95,Abong Mbang,70,CM,6/17/2021 18:00,96,3.9833,13.1833,68.86,0.36
96,Tabas,0,IR,6/17/2021 18:00,7,33.5959,56.9244,89.08,8.52
97,Port Blair,100,IN,6/17/2021 18:00,82,11.6667,92.75,82.54,12.41
98,Puerto Escondido,100,MX,6/17/2021 18:00,72,15.85,-97.0667,83.46,13.31
99,Russell,0,US,6/17/2021 18:00,42,32.3502,-85.1999,88.86,4.5
100,Charagua,100,BO,6/17/2021 18:00,82,-19.8,-63.2167,46.42,6.55
101,Nantucket,38,US,6/17/2021 18:00,76,41.2835,-70.0995,68.67,9.13
102,Areosa,100,PT,6/17/2021 18:00,86,41.7178,-8.8571,61.92,20.54
103,Waddān,1,LY,6/17/2021 18:00,16,29.1614,16.139,90.81,8.08
104,Sinnamary,55,GF,6/17/2021 18:00,77,5.3833,-52.95,82.18,8.79
105,Boyuibe,100,BO,6/17/2021 18:00,87,-20.4167,-63.2833,44.29,6.51
106,Bayan,51,CN,6/17/2021 18:00,92,46.0833,127.4,59.07,6.49
107,Mauá,86,BR,6/17/2021 18:00,94,-23.6678,-46.4614,54,7.65
108,Kīhei,32,US,6/17/2021 18:00,79,20.785,-156.4656,75.97,3.02
109,Kismayo,100,SO,6/17/2021 18:00,82,-0.3582,42.5454,77,13.8
110,Minatitlán,99,MX,6/17/2021 18:00,75,17.9833,-94.5167,83.88,1.01
111,Peniche,98,PT,6/17/2021 18:00,87,39.3558,-9.3811,61.74,20.56
112,Lüderitz,0,NA,6/17/2021 18:00,69,-26.6481,15.1594,60.69,11.77
113,Nieuw Nickerie,63,SR,6/17/2021 18:00,78,5.95,-56.9833,80.56,5.01
114,Shambu,99,ET,6/17/2021 18:00,86,9.5667,37.1,54.14,1.39
115,Shenjiamen,100,CN,6/17/2021 17:56,99,29.9576,122.298,75.27,5.17
116,Saddiqabad,71,PK,6/17/2021 18:00,44,28.3062,70.1307,89.67,4.27
117,Chifeng,0,CN,6/17/2021 18:00,33,42.2683,118.9636,61.54,9.95
118,Zarubino,96,RU,6/17/2021 18:00,97,42.63,131.0922,56.7,9.31
119,Ziro,18,IN,6/17/2021 18:00,96,27.6333,93.8333,59.56,0.74
120,Kavaratti,46,IN,6/17/2021 18:00,78,10.5669,72.642,83.28,21.54
121,Acapulco de Juárez,100,MX,6/17/2021 17:58,82,16.8634,-99.8901,81.84,8.21
122,Tabou,33,CI,6/17/2021 17:51,74,4.423,-7.3528,80.55,7.54
123,Waipawa,100,NZ,6/17/2021 18:00,91,-41.4122,175.5153,45.52,9.75
124,Yumen,99,CN,6/17/2021 18:00,19,40.2833,97.2,65.7,8.23
125,Fougamou,99,GA,6/17/2021 18:00,92,-1.2154,10.5838,74.7,2.95
126,Plettenberg Bay,20,ZA,6/17/2021 18:00,82,-34.0527,23.3716,60.04,9.75
127,Mainpuri,82,IN,6/17/2021 18:00,67,27.2333,79.0167,83.55,8.03
128,Lethem,93,GY,6/17/2021 18:00,80,3.3803,-59.7968,79.81,5.46
129,Praia da Vitória,20,PT,6/17/2021 17:57,56,38.7333,-27.0667,70.05,11.27
130,Hong Kong,2,HK,6/17/2021 17:58,84,22.2855,114.1577,85.5,1.99
131,Omboué,84,GA,6/17/2021 18:00,85,-1.5746,9.2618,76.33,7.85
132,Kralendijk,99,BQ,6/17/2021 18:00,82,12.15,-68.2667,80.13,16.89
133,Broken Hill,12,AU,6/17/2021 18:00,88,-31.95,141.4333,44.15,13.33
134,Baghdad,0,IQ,6/17/2021 17:56,24,33.3406,44.4009,91.31,17.27
135,Dolores,61,AR,6/17/2021 18:00,42,-36.3132,-57.6792,50.99,6.15
136,Sri Aman,100,MY,6/17/2021 18:00,99,1.2376,111.4621,73.11,2.26
137,Vila Velha,16,BR,6/17/2021 18:00,67,-20.3297,-40.2925,75.88,14
138,Anastácio,93,BR,6/17/2021 18:00,66,-20.4836,-55.8069,68.18,5.14
139,Arlit,13,NE,6/17/2021 18:00,13,18.7369,7.3853,99.59,5.17
140,Cockburn Town,28,TC,6/17/2021 18:00,87,21.4612,-71.1419,80.6,19.51
141,Venice,75,US,6/17/2021 17:59,91,27.0998,-82.4543,81.14,4.61
142,Fortuna,90,US,6/17/2021 18:00,88,40.5982,-124.1573,59.04,11.5
143,Sarh,80,TD,6/17/2021 18:00,76,9.1429,18.3923,75.85,5.1
144,Champerico,100,GT,6/17/2021 18:00,83,14.3,-91.9167,88.59,5.12
145,Carauari,74,BR,6/17/2021 18:00,81,-4.8828,-66.8958,82.15,1.79
146,Ahipara,14,NZ,6/17/2021 18:00,89,-35.1667,173.1667,52.77,4.23
147,Catumbela,22,AO,6/17/2021 18:00,84,-12.4314,13.5472,72.27,3.2
148,Cayenne,75,GF,6/17/2021 18:00,88,4.9333,-52.3333,80.1,1.99
149,Waunakee,83,US,6/17/2021 17:57,37,43.1919,-89.4557,83.5,5.01
150,Bubaque,44,GW,6/17/2021 18:00,78,11.2833,-15.8333,81.75,10.18
151,Korla,50,CN,6/17/2021 18:00,17,41.7597,86.1469,74.98,2.71
152,Maiduguri,54,NG,6/17/2021 18:00,29,11.8464,13.1603,95.65,2.48
153,Gambēla,100,ET,6/17/2021 18:00,97,8.25,34.5833,70.12,3.78
154,Avera,24,US,6/17/2021 17:58,34,33.194,-82.5271,85.12,2.26
155,Lompoc,44,US,6/17/2021 18:00,43,34.6391,-120.4579,88.43,3
156,Santa Inês,12,BR,6/17/2021 18:00,74,-3.6667,-45.38,84.78,4.54
157,Airai,68,TL,6/17/2021 18:00,93,-8.9266,125.4092,57.65,3.4
158,Filingué,43,NE,6/17/2021 18:00,27,14.3521,3.3168,95.25,15.12
159,Abu Samrah,0,SY,6/17/2021 18:00,44,35.3029,37.1841,72.59,11.48
160,Palu,92,ID,6/17/2021 18:00,96,-0.8917,119.8707,74.32,3.15
161,Road Town,77,VG,6/17/2021 18:00,80,18.4167,-64.6167,84.81,24
162,Patitiri,30,GR,6/17/2021 18:00,73,39.15,23.8667,72.37,12.08
163,Butaritari,76,KI,6/17/2021 18:00,68,3.0707,172.7902,82.99,14.38
164,Sibolga,74,ID,6/17/2021 18:00,84,1.7427,98.7792,76.48,3.58
165,Richards Bay,11,ZA,6/17/2021 18:00,88,-28.783,32.0377,65.95,7.31
166,Mandurah,0,AU,6/17/2021 17:56,74,-32.55,115.7,42.67,9.69
167,Vao,7,NC,6/17/2021 18:00,75,-22.6667,167.4833,71.58,4.99
168,Safaga,0,EG,6/17/2021 18:00,35,26.7292,33.9365,86.14,13.6
169,San Jose,1,US,6/17/2021 17:56,34,37.3394,-121.895,88.88,0
170,Codrington,74,AU,6/17/2021 18:00,90,-38.2667,141.9667,51.6,8.57
171,Jiangyou,100,CN,6/17/2021 18:00,84,31.7667,104.7167,66.22,0.2
172,Mount Gambier,94,AU,6/17/2021 18:00,93,-37.8333,140.7667,50.65,8.77
173,Cabo San Lucas,43,MX,6/17/2021 17:49,61,22.8909,-109.9124,92.23,12.75
174,Benavente,92,ES,6/17/2021 18:00,55,42.0025,-5.6783,70.86,14.03
175,Doha,0,QA,6/17/2021 17:57,19,25.2867,51.5333,98.58,16.11
176,Saint Paul Harbor,90,US,6/17/2021 18:00,93,57.79,-152.4072,47.71,12.66
177,Makakilo City,90,US,6/17/2021 18:01,83,21.3469,-158.0858,74.07,0
178,Kédougou,52,SN,6/17/2021 18:01,28,12.5579,-12.1743,99.93,5.35
179,Pandan Niog,67,PH,6/17/2021 18:01,73,6.2282,120.5631,82.85,5.28
180,Wiang Sa,70,TH,6/17/2021 18:01,84,8.6359,99.3666,75.9,1.63
181,Lianran,41,CN,6/17/2021 18:01,90,24.9227,102.485,64.45,3.85
182,Vega de Alatorre,6,MX,6/17/2021 18:01,66,20.0333,-96.6333,84.87,18.57
183,Padang,99,ID,6/17/2021 17:57,80,-0.9492,100.3543,76.93,4.05
184,Korhogo,79,CI,6/17/2021 18:01,42,9.45,-5.6333,89.51,4.85
185,Robertsport,59,LR,6/17/2021 18:01,76,6.7533,-11.3686,81.54,8.88
186,Bosaso,70,SO,6/17/2021 18:01,39,11.2842,49.1816,94.15,7.7
187,Kavieng,97,PG,6/17/2021 18:01,77,-2.5744,150.7967,79.72,1.07
188,Simpang,94,ID,6/17/2021 18:01,97,-1.2667,104.0833,74.62,3.09
189,Kibaya,94,TZ,6/17/2021 18:01,75,-5.3,36.5667,59.27,6.2
190,São Filipe,9,CV,6/17/2021 18:01,74,14.8961,-24.4956,74.98,9.6
191,Blackwater,37,AU,6/17/2021 18:01,36,-23.5833,148.8833,56.5,7.58
192,Tessalit,0,ML,6/17/2021 18:01,6,20.1986,1.0114,103.42,12.1
193,Taltal,1,CL,6/17/2021 17:56,57,-25.4,-70.4833,66.76,5.99
194,Caratinga,53,BR,6/17/2021 18:01,54,-19.7897,-42.1392,73.02,4.72
195,Capitán Bado,99,PY,6/17/2021 18:01,63,-23.2667,-55.5333,57.29,4.74
196,Sovetskaya,39,RU,6/17/2021 18:01,90,44.7769,41.1722,61.02,5.97
197,Riyadh,0,SA,6/17/2021 17:57,6,24.6877,46.7219,102.25,16.11
198,Alofi,95,NU,6/17/2021 18:01,82,-19.0595,-169.9187,77.92,11.68
199,San Policarpo,84,PH,6/17/2021 18:01,82,12.1791,125.5072,81.09,7.31
200,San Patricio,34,US,6/17/2021 18:01,48,28.017,-97.5169,90.32,11.07
201,Lashio,97,MM,6/17/2021 18:01,97,22.9333,97.75,68.5,2.24
202,Coquimbo,92,CL,6/17/2021 18:01,68,-29.9533,-71.3436,60.4,6.44
203,Mandalgovi,0,MN,6/17/2021 18:01,49,45.7625,106.2708,53.24,5.53
204,Nador,0,MA,6/17/2021 18:01,56,35.174,-2.9287,73.65,11.5
205,Taicheng,6,CN,6/17/2021 18:01,40,38.731,113.228,58.03,4.9
206,Lázaro Cárdenas,100,MX,6/17/2021 18:00,75,17.9583,-102.2,82.65,8.5
207,San-Pédro,48,CI,6/17/2021 18:01,74,4.7485,-6.6363,80.46,8.25
208,Sumisip,100,PH,6/17/2021 18:01,83,6.4197,121.9714,80.37,4.85
209,Geraldton,0,AU,6/17/2021 18:01,82,-28.7667,114.6,52.21,12.66
210,Salalah,96,OM,6/17/2021 18:01,86,17.0151,54.0924,82.2,6.6
211,Micheweni,100,TZ,6/17/2021 18:01,83,-4.9667,39.8333,75.94,12.03
212,São Francisco,3,BR,6/17/2021 18:01,22,-15.9486,-44.8644,88.9,5.19
213,Nhulunbuy,3,AU,6/17/2021 18:01,94,-12.2333,136.7667,75.81,6.91
214,Chepareria,93,KE,6/17/2021 18:01,77,1.3077,35.2039,62.02,5.26
215,Tha Mai,89,TH,6/17/2021 18:01,99,12.6214,102.0048,79.95,3.44
216,Beira,20,MZ,6/17/2021 18:01,88,-19.8436,34.8389,69.89,6.91
217,Curvelo,9,BR,6/17/2021 18:01,20,-18.7564,-44.4308,83.17,6.8
218,Davila,89,PH,6/17/2021 18:01,79,18.4726,120.5763,82.29,12.19
219,Kisangani,99,CD,6/17/2021 18:01,74,0.5167,25.2,76.44,2.53
220,Isangel,29,VU,6/17/2021 18:01,88,-19.55,169.2667,74.48,4.72
221,Cantapoy,79,PH,6/17/2021 18:01,82,9.4906,125.4364,80.38,3.98
222,Kununurra,22,AU,6/17/2021 17:59,43,-15.7667,128.7333,71.58,4.61
223,Khambhāt,63,IN,6/17/2021 18:01,68,22.3,72.6167,86.72,19.69
224,Morondava,3,MG,6/17/2021 18:01,74,-20.2833,44.2833,73.67,9.6
225,Balkanabat,0,TM,6/17/2021 18:01,9,39.5108,54.3671,95.14,10.49
226,Isfahan,0,IR,6/17/2021 18:01,12,32.6572,51.6776,85.64,11.9
227,Perth,0,AU,6/17/2021 17:56,92,-31.9333,115.8333,47.35,9.22
228,Pathein,100,MM,6/17/2021 18:01,91,16.7833,94.7333,76.86,6.58
229,Pisco,50,PE,6/17/2021 18:01,86,-13.7,-76.2167,67.01,4.88
230,Colesberg,0,ZA,6/17/2021 18:01,35,-30.72,25.0972,51.55,5.84
231,Hermanus,72,ZA,6/17/2021 18:01,84,-34.4187,19.2345,60.8,8.48
232,Mbekenyera,96,TZ,6/17/2021 18:01,89,-10,38.9833,68.5,4.85
233,Sabang,90,ID,6/17/2021 18:01,73,5.8933,95.3214,82.94,14.2
234,Port Loko,71,SL,6/17/2021 18:01,79,8.7667,-12.7833,82.47,3.42
235,Port Maria,98,JM,6/17/2021 18:01,72,18.3685,-76.8895,88.02,16.22
236,Carbonia,98,IT,6/17/2021 18:01,53,39.1672,8.5222,74.39,11.16
237,Praia,51,CV,6/17/2021 18:01,77,14.9215,-23.5087,74.07,19.22
238,Xining,100,CN,6/17/2021 18:01,73,36.6167,101.7667,52.16,2.75
239,Sudak,100,UA,6/17/2021 18:01,85,44.85,34.9667,65.57,17.83
240,Kuytun,0,RU,6/17/2021 18:01,67,54.3419,101.5036,50.4,3.11
241,Chui,99,UY,6/17/2021 18:01,83,-33.6971,-53.4616,52.56,11.34
242,Thinadhoo,61,MV,6/17/2021 18:01,74,0.5333,72.9333,83.97,7.87
243,Syracuse,27,IT,6/17/2021 17:59,63,37.0881,15.2792,78.19,12.06
244,Luanda,78,AO,6/17/2021 18:01,83,-8.8368,13.2343,75.2,6.91
245,Kruisfontein,0,ZA,6/17/2021 18:01,81,-34.0033,24.7314,61.88,16.13
246,Aripuanã,58,BR,6/17/2021 18:01,54,-9.1667,-60.6333,86.22,3.13
247,Hithadhoo,100,MV,6/17/2021 18:01,74,-0.6,73.0833,83.66,9.28
248,Tezu,20,IN,6/17/2021 18:01,97,27.9167,96.1667,76.42,4.54
249,Buckeye,39,US,6/17/2021 17:59,16,33.3703,-112.5838,108.45,10.16
250,Punta Alta,100,AR,6/17/2021 18:01,51,-38.8759,-62.0736,48.13,1.14
251,Lagoa Formosa,8,BR,6/17/2021 18:00,23,-18.7786,-46.4075,81.01,5.17
252,Talavera,80,PH,6/17/2021 18:01,86,15.6167,120.9333,77.79,2.48
253,Cabedelo,27,BR,6/17/2021 18:01,77,-6.9811,-34.8339,80.51,14.36
254,Toamasina,32,MG,6/17/2021 18:01,80,-18.1667,49.3833,68.81,8.66
255,Auki,4,SB,6/17/2021 18:01,85,-8.7676,160.7034,75.79,3.29
256,Porbandar,22,IN,6/17/2021 18:01,74,21.6422,69.6093,85.44,15.55
257,Nortelândia,39,BR,6/17/2021 18:01,30,-14.4547,-56.8028,89.01,5.77
258,Province of Trapani,92,IT,6/17/2021 18:01,61,37.8333,12.6667,72.59,5.14
259,Port Alfred,0,ZA,6/17/2021 18:01,78,-33.5906,26.891,64,21.97
260,Prainha,13,BR,6/17/2021 18:01,55,-1.8,-53.48,87.44,4.03
261,Niwāri,29,IN,6/17/2021 18:01,63,28.8833,77.5333,86.02,6.62
262,Jutaí,88,BR,6/17/2021 18:01,87,-5.1833,-68.9,81.54,3.33
263,Copiapó,0,CL,6/17/2021 18:01,30,-27.3667,-70.3333,73.33,6.8
264,Griffith,1,US,6/17/2021 18:01,34,41.5284,-87.4237,84.31,4
265,Belmonte,70,BR,6/17/2021 18:01,63,-15.8631,-38.8828,79.3,7.83
266,Moranbah,10,AU,6/17/2021 18:01,28,-22.0016,148.0466,59.23,8.68
267,Bayir,3,TR,6/17/2021 18:01,63,37.2687,28.2167,70.32,3.8
268,Alyangula,37,AU,6/17/2021 18:01,90,-13.8483,136.4192,74.32,9.57
269,Kanzakimachi-kanzaki,99,JP,6/17/2021 18:01,78,33.3,130.3667,73.54,2.39
270,Kieta,83,PG,6/17/2021 18:01,80,-6.2167,155.6333,77.11,3.6
271,Havelock,0,US,6/17/2021 18:01,61,34.8791,-76.9013,82.76,4
272,Bhainsdehi,100,IN,6/17/2021 18:01,83,21.6467,77.6325,72.41,7.36
273,Atar,8,MR,6/17/2021 18:01,12,20.5169,-13.0499,103.71,13.18
274,Pinhão,71,BR,6/17/2021 18:01,62,-25.6956,-51.6597,58.6,4.23
275,Ouadda,100,CF,6/17/2021 18:01,96,8.0777,22.4007,67.78,2.62
276,Margate,67,GB,6/17/2021 18:01,90,51.3813,1.3862,66.96,7.67
277,Bam,0,IR,6/17/2021 18:01,7,29.106,58.357,87.94,10.92
278,Flinders,0,AU,6/17/2021 18:01,68,-34.5833,150.8552,53.83,11.99
279,New Norfolk,100,AU,6/17/2021 18:01,90,-42.7826,147.0587,51.04,1.99
280,Kuching,20,MY,6/17/2021 18:00,94,1.55,110.3333,73.62,2.3
281,Linjiang,100,CN,6/17/2021 18:01,98,41.8069,126.9078,61.03,4.79
282,Jiayuguan City,72,CN,6/17/2021 18:01,20,39.8167,98.3,64.85,2.37
283,Khāsh,0,IR,6/17/2021 18:01,9,28.2211,61.2158,78.21,13.94
284,Santa Fe,65,AR,6/17/2021 18:00,41,-31.6333,-60.7,55.71,3
285,Salinas,1,US,6/17/2021 18:01,26,36.6777,-121.6555,75.58,5.75
286,Benguela,10,AO,6/17/2021 18:01,83,-12.5763,13.4055,72.48,3.53
287,Bitung,24,ID,6/17/2021 18:01,85,1.4451,125.1824,78.35,6.29
288,Maragogi,38,BR,6/17/2021 18:01,78,-9.0122,-35.2225,79.2,10.42
289,Mairi,11,BR,6/17/2021 18:01,39,-11.7114,-40.1489,84.61,8.77
290,Bowen,37,AU,6/17/2021 18:01,72,-20.0167,148.2333,68.29,9.17
291,Sirte,0,LY,6/17/2021 18:01,63,31.2089,16.5887,74.1,16.62
292,Fare,60,PF,6/17/2021 18:01,67,-16.7,-151.0167,80.42,22.57
293,Constitución,7,CL,6/17/2021 18:01,65,-35.3333,-72.4167,59.5,4.27
294,Pizarro,94,CO,6/17/2021 18:01,80,4.9533,-77.366,81.05,7.14
295,Mundra,11,IN,6/17/2021 18:01,70,22.85,69.7333,86.52,12.73
296,San Juan,9,AR,6/17/2021 17:58,51,-31.5375,-68.5364,45.3,4.25
297,Saldanha,96,ZA,6/17/2021 18:01,88,-33.0117,17.9442,61,12.17
298,Dalianwan,0,CN,6/17/2021 18:01,88,39.0286,121.695,64.44,4.47
299,Mount Isa,38,AU,6/17/2021 18:01,31,-20.7333,139.5,58.77,10.36
300,Kumul,98,CN,6/17/2021 18:01,12,42.8,93.45,79.9,7.07
301,Gwembe,5,ZM,6/17/2021 18:01,61,-16.4975,27.6069,56.26,2.46
302,Dwārka,96,IN,6/17/2021 18:01,69,22.2394,68.9678,86.52,15.5
303,Alghero,0,IT,6/17/2021 18:01,54,40.5589,8.3181,82.49,11.5
304,Taoudenni,0,ML,6/17/2021 18:01,5,22.6783,-3.9836,113.52,7.38
305,Ukiah,1,US,6/17/2021 18:01,29,39.1502,-123.2078,84.16,3.44
306,Pahlgām,50,IN,6/17/2021 18:01,78,34.0333,75.3333,51.31,5.44
307,Bujaru,38,BR,6/17/2021 18:01,73,-1.515,-48.0447,86.02,3.62
308,Namatanai,95,PG,6/17/2021 18:01,83,-3.6667,152.4333,78.39,6.62
309,Vondrozo,5,MG,6/17/2021 18:01,97,-22.8167,47.2833,57.36,2.68
310,Caravelas,74,BR,6/17/2021 18:01,62,-17.7125,-39.2481,75.97,5.55
311,Potosí,15,BO,6/17/2021 18:02,15,-19.5836,-65.7531,51.8,23.2
312,Meulaboh,50,ID,6/17/2021 18:02,85,4.1363,96.1285,76.64,3.36
313,Boma,83,GH,6/17/2021 18:02,71,7.0805,-2.1697,79.32,3.04
314,Bonthe,74,SL,6/17/2021 18:02,70,7.5264,-12.505,82.78,7.67
315,Talas,20,TR,6/17/2021 18:02,43,38.6908,35.5538,68.67,9.22
316,Huilong,100,CN,6/17/2021 18:02,95,31.8111,121.655,75.97,3.74
317,Semīrom,22,IR,6/17/2021 18:02,18,31.4167,51.5667,73.02,4.79
318,Port Lincoln,96,AU,6/17/2021 17:57,71,-34.7333,135.8667,54.88,26.11
319,Sorrento,4,IT,6/17/2021 18:02,75,40.626,14.3744,75.36,8.41
320,Grootfontein,0,NA,6/17/2021 18:02,27,-19.5667,18.1167,60.94,4.43
321,Hirara,100,JP,6/17/2021 18:02,86,24.8,125.2833,83.75,9.04
322,Pasān,96,IN,6/17/2021 18:02,86,22.85,82.2,74.95,3.09
323,Kailahun,73,SL,6/17/2021 17:59,90,8.2833,-10.5667,78.24,1.86
324,Bathsheba,100,BB,6/17/2021 18:02,76,13.2167,-59.5167,82.06,19.8
325,Potam,82,MX,6/17/2021 18:02,36,27.6,-110.3833,99.77,4.29
326,Port Keats,41,AU,6/17/2021 18:02,52,-14.25,129.55,74.28,6.67
327,Hīt,0,IQ,6/17/2021 18:02,20,33.6416,42.8251,87.58,16.2
328,Biltine,86,TD,6/17/2021 18:02,14,14.5333,20.9167,95.83,7.16
329,Nosy Varika,0,MG,6/17/2021 18:02,78,-20.5833,48.5333,66.72,1.81
330,Koungou,20,YT,6/17/2021 18:02,78,-12.7336,45.2042,74.91,5.75
331,Katsuura,13,JP,6/17/2021 18:02,88,35.1333,140.3,66.06,8.68
332,Rosetta,0,EG,6/17/2021 18:02,66,31.4044,30.4164,72.9,11.9
333,Saint-François,97,FR,6/17/2021 18:02,57,46.4154,3.9054,76.53,3.44
334,Faya,93,SA,6/17/2021 18:02,33,18.3851,42.4509,74.21,1.99
335,San Benito,37,US,6/17/2021 18:02,6,36.6166,-121.0844,75.4,3.06
336,El Alto,14,PE,6/17/2021 18:02,65,-4.2714,-81.2147,74.68,13.89
337,Puerto Quijarro,86,BO,6/17/2021 18:02,47,-17.7833,-57.7667,76.87,6.02
338,Yoichi,27,JP,6/17/2021 18:02,92,43.2039,140.7703,57.7,4.03
339,Castro,99,BR,6/17/2021 18:01,68,-24.7911,-50.0119,58.48,1.74
340,Volksrust,49,ZA,6/17/2021 18:02,37,-27.3654,29.8818,50.76,3.15
341,Areia Branca,19,BR,6/17/2021 18:02,67,-4.9561,-37.1369,84.78,18.54
342,San Andrés,19,CO,6/17/2021 18:02,82,12.5847,-81.7006,81.43,18.57
343,Nouadhibou,2,MR,6/17/2021 18:02,82,20.931,-17.0347,68.49,28.39
344,Puerto Wilches,87,CO,6/17/2021 18:02,50,7.3483,-73.896,92.01,3.42
345,Honiara,9,SB,6/17/2021 18:02,87,-9.4333,159.95,76.1,3.78
346,Adrar,4,MR,6/17/2021 18:02,10,20.5022,-10.0711,102.58,16.46
347,Bandarbeyla,91,SO,6/17/2021 18:02,82,9.4942,50.8122,77.58,30.27
348,Xai-Xai,0,MZ,6/17/2021 18:02,75,-25.0519,33.6442,67.26,7.94
349,Pangkalanbuun,99,ID,6/17/2021 18:02,99,-2.6833,111.6167,72.64,2.48
350,Chālūs,1,IR,6/17/2021 18:02,71,36.655,51.4204,82.04,3.2
351,Saint Joseph,4,US,6/17/2021 17:58,58,39.7686,-94.8466,88.32,13.96
352,Aksu,59,CN,6/17/2021 18:02,23,41.1231,80.2644,72.73,3.38
353,Dhidhdhoo,92,MV,6/17/2021 18:02,79,6.8833,73.1,82.89,16.26
354,Alamosa,1,US,6/17/2021 18:02,31,37.4695,-105.87,78.82,8.05
355,Umluj,0,SA,6/17/2021 18:02,59,25.0213,37.2685,83.66,8.84
356,Coos Bay,40,US,6/17/2021 18:02,78,43.3665,-124.2179,62.13,14.97
357,Bone,14,DE,6/17/2021 18:02,61,51.9669,12.1396,86.67,7.31
358,Lishan,100,CN,6/17/2021 18:02,65,31.8576,113.2951,70.83,5.48
359,Humaitá,71,BR,6/17/2021 18:02,54,-7.5061,-63.0208,88.72,1.99
360,Port Moresby,20,PG,6/17/2021 17:58,94,-9.4431,147.1797,74.62,3.44
361,Bengkulu,100,ID,6/17/2021 18:02,88,-3.8004,102.2655,75.02,4.92
362,Pacific Grove,20,US,6/17/2021 18:00,66,36.6177,-121.9166,68.2,1.01
363,Galle,97,LK,6/17/2021 18:02,86,6.0367,80.217,79.54,10.04
364,Mayumba,100,GA,6/17/2021 18:02,88,-3.432,10.6554,75.29,5.59
365,Guerrero Negro,29,MX,6/17/2021 18:02,54,27.9769,-114.0611,75.49,11.16
366,Teguise,20,ES,6/17/2021 18:02,60,29.0605,-13.564,71.82,11.5
367,Saint-Philippe,59,RE,6/17/2021 18:02,83,-21.3585,55.7679,67.59,12.71
368,Granada,20,ES,6/17/2021 18:02,48,37.1882,-3.6067,74.03,1.99
369,Shingū,79,JP,6/17/2021 18:02,90,33.7333,135.9833,67.91,4.12
370,Mahajanga,0,MG,6/17/2021 18:02,49,-15.7167,46.3167,73.42,5.75
371,Samaná,77,DO,6/17/2021 18:00,68,19.2056,-69.3369,85.48,12.44
372,Lagoa,99,PT,6/17/2021 18:02,66,39.05,-27.9833,64.36,15.59
373,Prabumulih,100,ID,6/17/2021 18:02,98,-3.45,104.25,73.53,2.71
374,Rodrigues Alves,64,BR,6/17/2021 18:02,44,-7.738,-72.6509,88.52,3.65
375,Rome,75,US,6/17/2021 18:02,45,43.2128,-75.4557,71.33,1.01
376,San Vicente,66,AR,6/17/2021 18:02,49,-26.6167,-54.1333,56.16,4.43
377,Katobu,73,ID,6/17/2021 18:02,94,-4.9408,122.5276,73.62,4.25
378,Chabahar,0,IR,6/17/2021 18:02,79,25.2919,60.643,86.76,9.42
379,Narnaul,9,IN,6/17/2021 18:02,54,28.0444,76.1083,88.57,10.83
380,Barranca,95,PE,6/17/2021 18:02,71,-10.75,-77.7667,70,9.95
381,Daru,100,PG,6/17/2021 18:02,88,-9.0763,143.2092,77.41,14
382,Smolenskaya,24,RU,6/17/2021 18:02,93,44.7887,38.8018,67.89,5.23
383,Baharly,0,TM,6/17/2021 18:02,11,38.4362,57.4316,87.73,4.9
384,Dongying,66,CN,6/17/2021 18:02,71,37.4564,118.4856,70.29,10.4
385,Bethel,0,US,6/17/2021 18:02,40,41.3712,-73.414,73.98,1.01
386,Rexburg,1,US,6/17/2021 18:02,25,43.826,-111.7897,74.28,12.66
387,Sines Municipality,78,PT,6/17/2021 18:02,82,37.9562,-8.8698,66.29,10
388,Northam,44,GB,6/17/2021 18:02,73,51.0333,-4.2167,62.11,14.47
389,Bandar-e Lengeh,0,IR,6/17/2021 18:02,69,26.5579,54.8807,88.38,1.03
390,Laguna,1,US,6/17/2021 18:02,22,38.421,-121.4238,93.31,1.01
391,Huicheng,20,CN,6/17/2021 18:02,90,23.0385,116.2899,80.83,11.63
392,Esperance,96,AU,6/17/2021 18:02,57,-33.8667,121.9,55.38,2.66
393,Terney,100,RU,6/17/2021 18:02,96,45.0503,136.6092,54.75,1.83
394,Viedma,99,AR,6/17/2021 17:59,42,-40.8135,-62.9967,49.55,4.29
395,Virginia Beach,20,US,6/17/2021 17:55,40,36.8529,-75.978,79.88,11.5
396,Kloulklubed,6,PW,6/17/2021 18:02,74,7.0419,134.2556,75.7,7.65
397,Pierre,96,US,6/17/2021 18:01,28,44.3683,-100.351,83.1,6.06
398,Palatka,100,US,6/17/2021 18:02,46,29.6486,-81.6376,87.78,3.47
399,Mossendjo,100,CG,6/17/2021 18:02,85,-2.9506,12.7261,71.87,1.79
400,Lumeje,13,AO,6/17/2021 18:02,29,-11.55,20.7833,64.51,3.91
401,Playas,82,EC,6/17/2021 18:02,78,-2.6333,-80.3833,76.06,11.36
402,Inírida,71,CO,6/17/2021 18:02,82,3.8653,-67.9239,81.3,2.51
403,Zhaotong,100,CN,6/17/2021 18:02,93,27.3167,103.7167,63,2.86
404,Lao Cai,15,VN,6/17/2021 18:02,84,22.4833,103.95,80.47,2.06
405,Kiama,0,AU,6/17/2021 18:02,67,-34.6833,150.8667,53.62,10
406,Tereze,88,RU,6/17/2021 18:02,97,43.9361,42.4434,57.7,3.78
407,Malaut,100,IN,6/17/2021 18:02,27,30.2167,74.4833,96.3,5.3
408,Khorixas,0,NA,6/17/2021 18:02,28,-20.3667,14.9667,66.92,9.13
409,El Fuerte,28,MX,6/17/2021 18:02,29,26.4189,-108.6194,99.61,4
410,Lunenburg,57,CA,6/17/2021 18:02,48,44.3835,-64.3155,73.71,14.36
411,Marabá,0,BR,6/17/2021 18:02,39,-5.3686,-49.1178,92.08,4.9
412,Te Anau,25,NZ,6/17/2021 18:02,94,-45.4167,167.7167,34.39,1.43
413,Djibo,78,BF,6/17/2021 18:02,22,14.1022,-1.6306,99.37,6.26
414,Nelson Bay,4,AU,6/17/2021 18:02,78,-32.7167,152.15,52.84,17.56
415,Joshīmath,98,IN,6/17/2021 18:02,91,30.5667,79.5667,68.61,0.4
416,Manuk Mangkaw,18,PH,6/17/2021 18:02,74,4.8,119.85,83.52,6.96
417,Hambantota,97,LK,6/17/2021 18:02,81,6.1241,81.1185,79.79,15.64
418,Sitka,99,US,6/17/2021 18:02,70,57.0531,-135.33,56.64,3.13
419,Ponta Delgada,40,PT,6/17/2021 18:02,60,37.7333,-25.6667,70.52,11.5
420,Qingdao,98,CN,6/17/2021 18:02,88,36.0986,120.3719,68.58,4.97
421,Samarai,100,PG,6/17/2021 18:02,84,-10.6167,150.6667,79.18,9.19
422,Tuy Hoa,19,VN,6/17/2021 17:59,89,13.0833,109.3,76.1,6.06
423,Vila Franca do Campo,100,PT,6/17/2021 18:02,63,37.7167,-25.4333,70.21,9.71
424,Guilin,68,CN,6/17/2021 18:02,94,25.2819,110.2864,77.74,3.44
425,Lātehār,92,IN,6/17/2021 18:02,90,23.75,84.5,75.18,1.68
426,San Fernando,47,PH,6/17/2021 18:02,84,15.0286,120.6898,85.14,0.76
427,Tamano,100,JP,6/17/2021 18:02,84,34.4833,133.95,70.57,3.62
428,Bredasdorp,58,ZA,6/17/2021 18:02,90,-34.5322,20.0403,60.28,8.32
429,Port Macquarie,0,AU,6/17/2021 18:02,78,-31.4333,152.9167,43.9,7.09
430,Kaeo,4,NZ,6/17/2021 18:02,96,-35.1,173.7833,45.32,1.97
431,Porto-Novo,96,BJ,6/17/2021 18:02,75,6.4965,2.6036,80.76,9.91
432,Shetpe,0,KZ,6/17/2021 18:02,13,44.1667,52.1167,91.89,6.22
433,‘Ewa Beach,90,US,6/17/2021 18:02,75,21.3156,-158.0072,77.16,11.01
434,Kahului,26,US,6/17/2021 18:02,92,20.8947,-156.47,71.69,11.7
435,Gorahun,82,SL,6/17/2021 18:02,91,7.4661,-11.2375,78.42,4
436,Mareeba,35,AU,6/17/2021 18:02,96,-17,145.4333,66.42,1.07
437,Lamu,99,KE,6/17/2021 18:02,84,-2.2717,40.902,76.62,13.33
438,El Dorado,0,US,6/17/2021 18:02,19,38.7666,-120.5177,90.43,7.58
439,Cidreira,82,BR,6/17/2021 18:02,75,-30.1811,-50.2056,56.44,8.37
440,Takapau,32,NZ,6/17/2021 18:02,95,-40.0333,176.35,43.84,2.91
441,Shimoda,27,JP,6/17/2021 18:02,84,34.6667,138.95,67.1,5.03
442,Presidencia Roque Sáenz Peña,100,AR,6/17/2021 18:02,54,-26.7852,-60.4388,52.7,6.93
443,Béboto,64,TD,6/17/2021 18:02,74,8.2668,16.939,74.68,4.54
444,Wadi Maliz,93,TN,6/17/2021 18:02,65,36.4681,8.5495,77.5,11.86
445,Shelburne,55,CA,6/17/2021 18:02,19,44.0787,-80.2041,72.45,11.07
446,Requena,44,ES,6/17/2021 18:02,39,39.4883,-1.1004,78.12,16.2
447,Los Llanos de Aridane,20,ES,6/17/2021 18:02,85,28.6585,-17.9182,69.12,19.57
448,Tervel Municipality,100,BG,6/17/2021 18:02,77,43.75,27.4,68.38,6.98
449,San Cristobal,95,VE,6/17/2021 18:02,59,7.7669,-72.225,78.93,7.47
450,Pingliang,96,CN,6/17/2021 18:03,65,35.5392,106.6861,56.16,2.53
451,Sambava,43,MG,6/17/2021 18:03,79,-14.2667,50.1667,71.92,12.46
452,Kabalo,79,CD,6/17/2021 18:03,30,-6.05,26.9167,77.29,3.29
453,Shizunai-furukawachō,95,JP,6/17/2021 18:03,92,42.3339,142.3669,55.08,2.98
454,Albany,2,US,6/17/2021 18:00,35,42.6001,-73.9662,72.37,8.81
455,Hohhot,74,CN,6/17/2021 18:03,37,40.8106,111.6522,60.19,4.38
456,Blythe,1,US,6/17/2021 18:03,18,33.6103,-114.5964,102.65,4.61
457,Port Hawkesbury,82,CA,6/17/2021 18:03,52,45.6169,-61.3485,69.78,5.01
458,Minzhu,100,CN,6/17/2021 18:03,96,43.7286,127.3447,59.56,7.38
459,Guider,79,CM,6/17/2021 18:03,41,9.9342,13.9486,88.99,4.97
460,Māngrol,10,IN,6/17/2021 18:03,77,21.1167,70.1167,84.69,14.27
461,Shache,94,CN,6/17/2021 18:03,53,38.4167,77.2406,64.24,4.52
462,Douglas,1,US,6/17/2021 18:03,38,41.3,-96.167,96.75,10
463,Sola,13,VU,6/17/2021 18:03,79,-13.8833,167.55,80.46,15.32
464,Maracaçumé,10,BR,6/17/2021 18:03,58,-2.0428,-45.9592,87.82,4.63
465,Buta,100,CD,6/17/2021 18:03,99,2.7858,24.73,69.82,1.77
466,Los Amates,95,GT,6/17/2021 18:03,61,15.2667,-89.1,89.49,2.51
467,Lata,100,PT,6/17/2021 18:03,92,40.1629,-8.3327,59.2,6.29
468,Robe,100,AU,6/17/2021 18:03,76,-37.1833,139.75,55.96,25.84
469,Cururupu,34,BR,6/17/2021 18:03,78,-1.8283,-44.8683,82.47,5.12
470,Thohoyandou,0,ZA,6/17/2021 18:03,32,-22.9456,30.485,62.35,2.42
471,Biak,59,ID,6/17/2021 18:03,84,-0.9131,122.8766,75.43,6.04
472,Okato,17,NZ,6/17/2021 18:03,83,-39.2,173.8833,45.68,2.48
473,Santa Cruz de la Sierra,90,BO,6/17/2021 18:03,56,-17.8,-63.1667,60.28,12.3
474,Novokayakent,1,RU,6/17/2021 18:03,68,42.3937,47.9861,84.25,9.66
475,Bilma,1,NE,6/17/2021 18:03,9,18.6853,12.9164,98.85,4.76
476,Kondoa,100,TZ,6/17/2021 18:03,60,-4.9,35.7833,65.43,4.34
477,Buraidah,0,SA,6/17/2021 18:03,12,26.326,43.975,88.99,13.49
478,Turan,20,VN,6/17/2021 18:00,89,16.0678,108.2208,80.58,4.61
479,Dandong,97,CN,6/17/2021 18:03,99,40.1292,124.3947,63.27,0.65
480,Deming,0,US,6/17/2021 18:03,18,32.2687,-107.7586,89.78,11.88
481,Fairmont,9,US,6/17/2021 18:03,40,39.4851,-80.1426,74.89,1.01
482,Soyo,81,AO,6/17/2021 18:03,82,-6.1349,12.3689,74.73,7.56
483,Yarim,95,YE,6/17/2021 18:03,41,14.298,44.3779,68.13,0.47
484,Villazón,0,BO,6/17/2021 18:03,8,-22.0866,-65.5942,53.31,9.01
485,Asău,100,RO,6/17/2021 18:03,89,46.4333,26.4,66.07,5.3
486,Bereda,100,ES,6/17/2021 18:03,100,43.2686,-7.5406,59.36,7.61
487,Talara,14,PE,6/17/2021 18:03,68,-4.5772,-81.2719,74.73,17.78
488,Luwuk,58,ID,6/17/2021 18:03,85,-0.9516,122.7875,76.24,4.47
489,Kiryat Gat,0,IL,6/17/2021 18:03,21,31.61,34.7642,72.01,8.32
490,Del Rio,0,US,6/17/2021 18:03,37,29.3627,-100.8968,97.23,4
491,Piaçabuçu,8,BR,6/17/2021 18:03,67,-10.4056,-36.4344,79.45,11.12
492,Port Hardy,100,CA,6/17/2021 18:03,74,50.6996,-127.4199,55.63,0.67
493,Launceston,90,AU,6/17/2021 18:03,94,-41.45,147.1667,50.94,3
494,Buchanan,94,LR,6/17/2021 18:03,73,5.8808,-10.0467,85.96,8.08
495,Constantine,96,DZ,6/17/2021 18:01,23,36.365,6.6147,90.99,2.75
496,Ségou,44,ML,6/17/2021 18:03,20,13.4317,-6.2157,102.04,8.21
497,Touros,14,BR,6/17/2021 18:03,68,-5.1989,-35.4608,82.9,16.53
498,Westport,1,US,6/17/2021 18:03,32,41.1415,-73.3579,75.2,3
499,Jijiga,88,ET,6/17/2021 18:03,51,9.35,42.8,72.05,9.64
500,Raja,97,SS,6/17/2021 18:03,91,8.4596,25.678,71.64,3.67
501,Ţahţā,0,EG,6/17/2021 18:03,15,26.7693,31.5021,88.72,15.05
502,Zhumadian,100,CN,6/17/2021 18:03,59,32.9794,114.0294,70.61,8.81
503,Oussouye,27,SN,6/17/2021 18:03,61,12.485,-16.5469,85.51,12.59
504,Pemangkat,96,ID,6/17/2021 18:03,84,1.1667,108.9667,76.8,5.39
505,Kumbo,66,CM,6/17/2021 18:03,94,6.2,10.6667,60.39,0.67
506,Baturaja,100,ID,6/17/2021 18:03,98,-4.1333,104.1667,73.72,1.86
507,Kendari,97,ID,6/17/2021 18:03,93,-3.945,122.4989,74.01,2.75
508,Surami,53,GE,6/17/2021 18:03,95,42.0243,43.5556,59.32,5.28
509,Poum,41,NC,6/17/2021 18:03,83,-20.2333,164.0167,74.08,3.91
510,Quatre Cocos,45,MU,6/17/2021 18:03,79,-20.2078,57.7625,70.09,14.99
511,Mount Vernon,0,US,6/17/2021 17:59,32,40.9126,-73.8371,75.78,1.01
512,Kawalu,100,ID,6/17/2021 18:03,93,-7.3817,108.2082,71.6,1.39
513,Bambanglipuro,99,ID,6/17/2021 18:03,88,-7.95,110.2833,57.6,4.32
514,Graham,1,US,6/17/2021 18:03,58,47.0529,-122.2943,67.98,1.99
515,Grenville,100,GD,6/17/2021 18:03,83,12.1167,-61.6167,80.1,18.66
516,Copala,99,MX,6/17/2021 18:03,77,16.65,-98.9833,83.21,5.84
517,La Rioja,98,ES,6/17/2021 18:03,78,42.25,-2.5,57.61,4.18
518,Zaraza,99,VE,6/17/2021 18:01,76,9.3503,-65.3245,83.01,8.59
519,Damietta,0,EG,6/17/2021 18:03,67,31.4165,31.8133,73.8,13.15
520,Salinópolis,28,BR,6/17/2021 18:03,78,-0.6136,-47.3561,82.18,8.46
521,Balikpapan,72,ID,6/17/2021 18:03,89,-1.2675,116.8289,75.67,4.34
522,Charters Towers,71,AU,6/17/2021 18:03,39,-20.1,146.2667,61.86,9.35
523,Arang,100,IN,6/17/2021 18:03,78,21.2,81.9667,77.9,6.67
524,Piet Retief,22,ZA,6/17/2021 18:03,53,-27.0071,30.8132,50.43,2.51
525,Senanga,28,ZM,6/17/2021 18:03,33,-16.1167,23.2667,61.34,2.57
526,Itoman,75,JP,6/17/2021 18:03,89,26.1247,127.6694,82.42,13.8
527,Mporokoso,26,ZM,6/17/2021 18:03,46,-9.3727,30.125,59.29,2.51
528,Satwās,100,IN,6/17/2021 18:03,68,22.5333,76.6833,80.91,7.4
529,Nísia Floresta,45,BR,6/17/2021 18:03,65,-6.0911,-35.2086,83.91,13.67
530,Rosario,90,AR,6/17/2021 17:59,60,-32.9468,-60.6393,52.36,4
531,Andapa,37,MG,6/17/2021 18:03,93,-14.65,49.65,62.73,2.95
532,Aswān,0,EG,6/17/2021 18:03,9,24.0934,32.907,92.77,14.14
533,Oranjemund,0,NA,6/17/2021 18:03,71,-28.55,16.4333,59.85,14.61
534,Gilbués,25,BR,6/17/2021 18:00,25,-9.8317,-45.3439,93.79,3.96
535,Nālūt,0,LY,6/17/2021 18:03,14,30.3333,10.85,96.17,7.49
536,Nisibis,0,TR,6/17/2021 18:03,15,37.0778,41.2178,83.79,9.22
537,Zhob,41,PK,6/17/2021 18:03,51,31.3411,69.4481,72.66,4
538,Tezpur,68,IN,6/17/2021 18:03,90,26.6333,92.8,80.56,2.64
539,Fitii,62,PF,6/17/2021 18:03,67,-16.7333,-151.0333,79.92,22.59
540,Milići,37,BA,6/17/2021 18:03,82,44.1711,19.0903,76.37,1.01
541,Houma,40,US,6/17/2021 18:03,55,29.5958,-90.7195,87.64,12.66
542,Bakel,24,SN,6/17/2021 18:03,20,14.905,-12.4568,105.66,4.94
543,Koster,2,ZA,6/17/2021 18:03,30,-25.863,26.8976,52.86,7.61
544,Kaura Namoda,37,NG,6/17/2021 18:03,36,12.5898,6.5779,89.64,17.05
545,Liverpool,0,GB,6/17/2021 18:01,60,53.4106,-2.9779,64.83,5.99
546,Springbok,0,ZA,6/17/2021 18:03,51,-29.6643,17.8865,55,5.7
547,Castelbuono,52,IT,6/17/2021 18:03,58,37.932,14.0886,71.58,1.34
548,Camacha,20,PT,6/17/2021 18:03,56,33.0833,-16.3333,67.42,18.41
549,Ahvāz,0,IR,6/17/2021 18:03,7,31.3203,48.6693,99.97,24.02
550,Japura,100,ID,6/17/2021 18:03,97,-0.3167,102.35,74.91,2.71
551,Mitsamiouli,96,KM,6/17/2021 18:03,73,-11.3847,43.2844,77.76,8.39
552,Khambhāliya,27,IN,6/17/2021 18:03,64,22.2072,69.6683,86.04,12.75
553,Sitrah,90,BH,6/17/2021 18:03,36,26.1547,50.6206,94.46,10
554,Foso,71,GH,6/17/2021 18:03,78,5.7012,-1.2866,79.12,7.31
555,Bozhou,100,CN,6/17/2021 18:03,69,33.8772,115.7703,74.43,5.14
556,Sturgeon Bay,1,US,6/17/2021 18:03,44,44.8342,-87.377,79.74,12.66
557,Lichuan,100,CN,6/17/2021 18:03,99,30.3,108.85,68.79,2.59
558,Jalu,0,LY,6/17/2021 18:03,17,29.0331,21.5482,91.72,8.84
559,Nizwá,1,OM,6/17/2021 18:03,18,22.9333,57.5333,98.65,6.35
560,Boueni,100,YT,6/17/2021 18:03,63,-12.9025,45.0761,75.18,7.65
561,Souillac,56,MU,6/17/2021 18:03,79,-20.5167,57.5167,70.36,13.85
562,Rio Grande,32,BR,6/17/2021 18:03,59,-32.035,-52.0986,58.12,5.17
563,Akdepe,0,TM,6/17/2021 18:03,14,42.0551,59.3788,84.2,10
564,Baza,82,ES,6/17/2021 18:03,53,37.4907,-2.7726,71.56,14.14
565,Finschhafen,96,PG,6/17/2021 18:03,78,-6.6024,147.8681,77.29,6.24
566,Nishihara,75,JP,6/17/2021 17:59,89,26.1842,127.7558,81.68,13.8
567,Greenville,1,US,6/17/2021 18:03,49,35.6127,-77.3663,81.64,6.91
568,Camaná,47,PE,6/17/2021 18:03,76,-16.6228,-72.7111,68.49,9.42
569,Samdrup Jongkhar District,72,BT,6/17/2021 18:03,93,26.9167,91.6167,72.23,3.18
570,Freeport,1,US,6/17/2021 18:03,33,40.6576,-73.5832,75.78,7
571,Omaruru,0,NA,6/17/2021 18:03,28,-21.4333,15.9333,62.15,5.84
572,Ishigaki,100,JP,6/17/2021 18:03,80,24.3448,124.1572,84.2,3.15
573,Ampanihy,2,MG,6/17/2021 18:03,78,-24.7,44.75,65.25,4.23
574,Arawa,84,PG,6/17/2021 18:03,87,-6.2132,155.5367,74.77,3.51
575,Necochea,97,AR,6/17/2021 18:03,53,-38.5473,-58.7368,51.04,7.54
576,Pāsighāt,10,IN,6/17/2021 18:03,94,28.0667,95.3333,78.37,4.03
577,Aracati,15,BR,6/17/2021 18:00,60,-4.5617,-37.7697,86.56,13.85
578,Le Mars,1,US,6/17/2021 18:03,43,42.7942,-96.1656,90.91,10.36
579,Kencong,100,ID,6/17/2021 18:03,89,-8.2833,113.3667,75.54,2.84
580,Impfondo,100,CG,6/17/2021 18:03,95,1.6381,18.0667,72.66,2.84
581,Arauco,12,CL,6/17/2021 18:03,63,-37.2463,-73.3175,58.68,3.02
582,Makhachkala,11,RU,6/17/2021 18:03,62,42.9764,47.5024,84.18,19.28
583,Grants,1,US,6/17/2021 18:03,12,35.1473,-107.8514,89.83,3.44
584,Phan Thiet,45,VN,6/17/2021 17:58,85,10.9333,108.1,78.03,6.49
585,Gijang,99,KR,6/17/2021 18:03,86,35.2442,129.2139,66.38,2.48
586,Palauig,23,PH,6/17/2021 18:03,80,15.435,119.9045,81,1.79
587,Quelimane,52,MZ,6/17/2021 18:03,72,-17.8786,36.8883,73.47,7.34
588,Johi,80,PK,6/17/2021 18:03,43,26.6921,67.6133,89.92,6.4
589,Emporia,1,US,6/17/2021 18:01,49,38.4039,-96.1817,94.91,15.88
590,Bugiri,99,UG,6/17/2021 18:03,91,0.5714,33.7417,65.19,2.95
591,Banda Aceh,67,ID,6/17/2021 18:03,79,5.5577,95.3222,79.29,10.18
592,Tarakan,24,ID,6/17/2021 18:03,76,3.3,117.6333,81.21,4.05
593,Nabire,90,ID,6/17/2021 18:03,90,-3.3667,135.4833,75.43,2.95
594,Colares,75,PT,6/17/2021 18:03,75,38.7992,-9.4469,64.08,5.01
595,Harwich,91,GB,6/17/2021 18:03,89,51.9419,1.2844,66.07,4
596,Ewo,85,CG,6/17/2021 18:03,65,-0.8725,14.8206,79.09,4.52
597,Khovd,80,MN,6/17/2021 18:03,46,48.0056,91.6419,62.04,2.68
598,Puerto Carreño,99,CO,6/17/2021 18:03,74,6.189,-67.4859,81.73,6.13
599,Çubuk,75,TR,6/17/2021 18:04,59,40.2386,33.0322,63.88,4.61
600,Tamiahua,31,MX,6/17/2021 18:04,66,21.2667,-97.45,84.54,16.84
601,Manokwari,25,ID,6/17/2021 18:04,79,-0.8667,134.0833,76.84,2.66
602,Oyama,62,JP,6/17/2021 18:04,75,36.3,139.8,69.21,2.66
603,Yamada,52,JP,6/17/2021 18:04,95,39.4667,141.95,58.6,5.28
604,Ilhabela,73,BR,6/17/2021 18:04,85,-23.7781,-45.3581,65.71,4.38
605,Mbuji-Mayi,44,CD,6/17/2021 18:04,24,-6.15,23.6,77.68,2.82
606,Lucapa,16,AO,6/17/2021 18:04,23,-8.4192,20.7447,71.04,3.65
607,Araouane,0,ML,6/17/2021 18:04,6,18.9048,-3.5265,106.61,2.71
608,Codajás,68,BR,6/17/2021 18:04,70,-3.8367,-62.0569,82.96,3.24
609,Najrān,37,SA,6/17/2021 18:04,11,17.4924,44.1277,85.14,5.06
610,Merauke,94,ID,6/17/2021 18:04,91,-8.4667,140.3333,76.48,10
611,Tanout,70,NE,6/17/2021 18:04,20,14.9709,8.8879,95.56,9.62
612,Ol'ga,100,RU,6/17/2021 18:04,99,43.7444,135.2892,53.49,1.01
613,Wanlaweyn,98,SO,6/17/2021 18:04,79,2.6185,44.8938,75.33,16.24
614,Mogadishu,99,SO,6/17/2021 18:03,83,2.0371,45.3438,77.5,19.22
615,Djambala,100,CG,6/17/2021 18:04,74,-2.5447,14.7533,71.82,5.21
616,Gallup,1,US,6/17/2021 18:04,15,35.5281,-108.7426,89.4,5.99
617,Gaoua,74,BF,6/17/2021 18:04,36,10.2992,-3.2508,92.77,3.33
618,Laas,88,IT,6/17/2021 18:04,82,46.6166,10.7002,74.71,3.8
619,Mahanoro,3,MG,6/17/2021 18:04,79,-19.9,48.8,66.79,2.91
620,Paita,34,PE,6/17/2021 18:04,65,-5.0892,-81.1144,75.02,12.39
621,Estación Coahuila,20,MX,6/17/2021 18:04,15,32.1939,-115.0017,104.58,3.49
622,Naze,100,JP,6/17/2021 18:04,90,28.3667,129.4833,74.16,1.92
623,Tual,90,ID,6/17/2021 18:04,80,-5.6667,132.75,80.58,11.65
624,Zaozyornoye,100,UA,6/17/2021 18:04,96,45.1582,33.2787,61.95,25.37
625,Labuan,76,MY,6/17/2021 18:04,77,5.2767,115.2417,78.96,4.29
626,Dhārchula,93,IN,6/17/2021 18:04,92,29.85,80.5333,70.18,2.93
627,Celestún,100,MX,6/17/2021 18:04,78,20.8667,-90.4,82.62,10.63
628,Paragominas,18,BR,6/17/2021 18:00,54,-2.9667,-47.4833,87.96,3.24
629,Batemans Bay,0,AU,6/17/2021 18:04,82,-35.7167,150.1833,44.26,6.71
630,Ciudad Bolivar,100,VE,6/17/2021 18:04,55,8.1222,-63.5497,87.37,9.89
631,Salaga,40,GH,6/17/2021 18:04,45,8.5508,-0.5188,88.86,5.66
632,Dargaville,17,NZ,6/17/2021 18:04,93,-35.9333,173.8833,49.71,4
633,Prachuap Khiri Khan,100,TH,6/17/2021 18:04,86,12.2167,99.75,75.29,2.75
634,Spearfish,1,US,6/17/2021 18:04,34,44.4908,-103.8594,80.38,3
635,Rosamorada,69,MX,6/17/2021 18:04,50,22.1222,-105.2058,94.57,4.12
636,Alice Town,98,BS,6/17/2021 18:04,73,25.7167,-79.3,81.12,9.62
637,São João da Barra,37,BR,6/17/2021 18:04,66,-21.6403,-41.0511,77.09,11.39
638,Carahue,2,CL,6/17/2021 18:04,58,-38.7,-73.1667,59.2,4.85
639,Jishou,100,CN,6/17/2021 18:04,92,28.3167,109.7167,71.85,3.47
640,Yokadouma,100,CM,6/17/2021 18:04,97,3.5167,15.05,69.64,1.63
641,Linxia Chengguanzhen,100,CN,6/17/2021 18:04,75,35.6003,103.2064,51.98,3.36
642,Winneba,52,GH,6/17/2021 18:04,78,5.3511,-0.6231,80.67,16.55
643,Karasuyama,7,JP,6/17/2021 18:04,93,36.65,140.15,58.26,2.75
644,Popondetta,100,PG,6/17/2021 18:04,95,-8.7537,148.2534,72.41,2.64
